[{"id":"646ce8708f0895f70f2da0ab","companyId":"5f47ce0c8f0815394ff3bd8a","createdDate":1719601519820,"updatedDate":1719601519820,"versionId":2,"referenceId":null,"systemStatus":"P","updatedByUserId":"5f4d87978f086f27a2ab1467","updatedByUserName":"Chris Lamberth","systemStatusText":null,"userTypes":null,"requirementIds":null,"name":"Branch_RolePresets_Add_Student_Click","sourceReferenceId":null,"sourceReferenceAppId":null,"lockedByUserId":null,"lockedByUserName":null,"publicArtifact":false,"enableOffline":false,"locked":false,"canUnlock":false,"publishComment":" ","importantPublish":false,"appId":"5f47f6258f0814ff0a91755e","folderId":"","initializer":[],"triggerType":"uiEvent","flow":[],"createdBy":null,"lastModifiedBy":null,"objectsMap":{"1678381875826":{"id":"1678381875826","type":"startObject","value":[],"taskName":"Start","triggerType":"uiEvent","addedToConfig":true,"painted":true,"position":{},"taskNotes":"<p><br></p>","desc":""},"16783818758261000":{"id":"16783818758261000","parent":"1678382037478","systemExit":true,"type":"return","returnType":"exit","taskName":"Exit","label":"","addedToConfig":false,"painted":false,"position":{},"taskNotes":"<p><br></p>"},"1678381937546":{"id":"1678381937546","type":"query","position":{},"source":null,"target":null,"mapping":null,"label":"","filterBy":"criteria","searchOption":"one","operator":"and","taskName":"Read CURRENT_BRANCH","parent":"1678381875826","painted":false,"taskNotes":"<p><br></p>","sourceVariable":"CURRENT_BRANCH","modelName":"Branch","saveType":"global","addedToConfig":false},"1678382037478":{"id":"1678382037478","type":"rrUiComponent","position":{},"label":"","taskName":"Manipulate UI Component","screenId":["63e280f18f08ae70b13c36d9"],"parent":"1684865019231","painted":false,"customComponent":"646cdf488f0895f70f2d9f85","animationImageType":"","taskNotes":"<p><br></p>","actionType":"changeComponent","pageTitleType":"constant","pageTitleValue":"","uiScope":false,"rrComponentHierarchy":"1609253229740","rrComponentHierarchyType":"pageInclude","dontChangeTitle":true,"rrrclevel":"","addedToConfig":false},"1678397548300":{"id":"1678397548300","type":"createDataObject","position":{},"condition":"Branch_RolePresets","mapping":[{"name":"roleId","valueType":"constant","value":"5f4d78738f086f27a2ab1332","fieldType":"String","list":false,"rr_dynamic_field_name_type":"","fromModel":""},{"name":"roleName","valueType":"constant","value":"Student","fieldType":"String","list":false,"rr_dynamic_field_name_type":"","fromModel":""},{"name":"branchId","valueType":"variable","value":"_id","fieldType":"String","list":false,"rr_dynamic_field_name_type":"","fromModel":"Branch","source":"1678381937546"},{"name":"name","valueType":"constant","value":"New Student Preset","fieldType":"String","list":false,"rr_dynamic_field_name_type":"","fromModel":""}],"label":"","taskName":"Branch_RolePreset","parent":"1678381937546","painted":false,"taskNotes":"<p><br></p>","showAllFields":false,"addedToConfig":false},"1678397970247":{"id":"1678397970247","type":"persist","position":{},"source":"1678397548300","target":null,"mapping":null,"label":"","taskName":"Write SELECTED_PRESET","parent":"1678397548300","taskNotes":"<p><br></p>","variable":"SELECTED_PRESET","saveType":"global","modelName":"Branch_RolePresets","addedToConfig":false,"painted":false},"1682694891941":{"id":"1682694891941","type":"workflow","position":{},"workflowId":"5fb2a9ba8f08eee59b0a82cb","workflowName":"Main_Dashboard_Hide_Modal_Overlay_Click","workflowType":"uiFlow","label":"","taskName":"Hide Overlay","parent":"1678397970247","painted":false,"taskNotes":"<p><br></p>","addedToConfig":false},"1684865019231":{"id":"1684865019231","type":"workflow","position":{},"workflowId":"646ce1068f0895f70f2d9fd6","workflowName":"Branch_RolePresets_Manager_Main_Add_Caller","workflowType":"uiFlow","label":"","taskName":"Add Confirm","parent":"1682694891941","painted":false,"taskNotes":"<p><br></p>","addedToConfig":false}},"decisionsMap":{},"active":false,"scheduler":false,"savedId":null,"workInProgress":false,"uiFLow":true,"startTaskId":"1678381875826","shouldSecure":false,"allowExecutionForAll":false,"testCase":false,"testSuite":false,"sequence":1,"internal":false,"triggeredFromBpm":false,"inputModel":null,"outputModel":null,"appName":null},
{"id":"646ce9068f0895f70f2da0c0","companyId":"5f47ce0c8f0815394ff3bd8a","createdDate":1719601463682,"updatedDate":1719601463682,"versionId":2,"referenceId":null,"systemStatus":"P","updatedByUserId":"5f4d87978f086f27a2ab1467","updatedByUserName":"Chris Lamberth","systemStatusText":null,"userTypes":null,"requirementIds":null,"name":"Branch_RolePresets_Add_Instructor_Click","sourceReferenceId":null,"sourceReferenceAppId":null,"lockedByUserId":null,"lockedByUserName":null,"publicArtifact":false,"enableOffline":false,"locked":false,"canUnlock":false,"publishComment":" ","importantPublish":false,"appId":"5f47f6258f0814ff0a91755e","folderId":"","initializer":[],"triggerType":"uiEvent","flow":[],"createdBy":null,"lastModifiedBy":null,"objectsMap":{"1678381875826":{"id":"1678381875826","type":"startObject","value":[],"taskName":"Start","triggerType":"uiEvent","addedToConfig":true,"painted":true,"position":{},"taskNotes":"<p><br></p>","desc":""},"16783818758261000":{"id":"16783818758261000","parent":"1678382037478","systemExit":true,"type":"return","returnType":"exit","taskName":"Exit","label":"","addedToConfig":false,"painted":false,"position":{},"taskNotes":"<p><br></p>"},"1678381937546":{"id":"1678381937546","type":"query","position":{},"source":null,"target":null,"mapping":null,"label":"","filterBy":"criteria","searchOption":"one","operator":"and","taskName":"Read CURRENT_BRANCH","parent":"1678381875826","painted":false,"taskNotes":"<p><br></p>","sourceVariable":"CURRENT_BRANCH","modelName":"Branch","saveType":"global","addedToConfig":false},"1678382037478":{"id":"1678382037478","type":"rrUiComponent","position":{},"label":"","taskName":"Manipulate UI Component","screenId":["63e280f18f08ae70b13c36d9"],"parent":"1684865008646","painted":false,"customComponent":"646cdf488f0895f70f2d9f85","animationImageType":"","taskNotes":"<p><br></p>","actionType":"changeComponent","pageTitleType":"constant","pageTitleValue":"","uiScope":false,"rrComponentHierarchy":"1609253229740","rrComponentHierarchyType":"pageInclude","dontChangeTitle":true,"rrrclevel":"","addedToConfig":false},"1678397548300":{"id":"1678397548300","type":"createDataObject","position":{},"condition":"Branch_RolePresets","mapping":[{"name":"roleId","valueType":"constant","value":"5f4d786c8f086f27a2ab132f","fieldType":"String","list":false,"rr_dynamic_field_name_type":"","fromModel":""},{"name":"roleName","valueType":"constant","value":"Instructor","fieldType":"String","list":false,"rr_dynamic_field_name_type":"","fromModel":""},{"name":"branchId","valueType":"variable","value":"_id","fieldType":"String","list":false,"rr_dynamic_field_name_type":"","fromModel":"Branch","source":"1678381937546"},{"name":"name","valueType":"constant","value":"New Instructor Preset","fieldType":"String","list":false,"rr_dynamic_field_name_type":"","fromModel":""}],"label":"","taskName":"Branch_RolePreset","parent":"1678381937546","painted":false,"taskNotes":"<p><br></p>","showAllFields":false,"addedToConfig":false},"1678397970247":{"id":"1678397970247","type":"persist","position":{},"source":"1678397548300","target":null,"mapping":null,"label":"","taskName":"Write SELECTED_PRESET","parent":"1678397548300","taskNotes":"<p><br></p>","variable":"SELECTED_PRESET","saveType":"global","modelName":"Branch_RolePresets","addedToConfig":false,"painted":false},"1682694891941":{"id":"1682694891941","type":"workflow","position":{},"workflowId":"5fb2a9ba8f08eee59b0a82cb","workflowName":"Main_Dashboard_Hide_Modal_Overlay_Click","workflowType":"uiFlow","label":"","taskName":"Hide Overlay","parent":"1678397970247","painted":false,"taskNotes":"<p><br></p>","addedToConfig":false},"1684865008646":{"id":"1684865008646","type":"workflow","position":{},"workflowId":"646ce1068f0895f70f2d9fd6","workflowName":"Branch_RolePresets_Manager_Main_Add_Caller","workflowType":"uiFlow","label":"","taskName":"Add Confirm","parent":"1682694891941","painted":false,"taskNotes":"<p><br></p>","addedToConfig":false}},"decisionsMap":{},"active":false,"scheduler":false,"savedId":null,"workInProgress":false,"uiFLow":true,"startTaskId":"1678381875826","shouldSecure":false,"allowExecutionForAll":false,"testCase":false,"testSuite":false,"sequence":1,"internal":false,"triggeredFromBpm":false,"inputModel":null,"outputModel":null,"appName":null},
{"id":"646ce92a8f0895f70f2da0cb","companyId":"5f47ce0c8f0815394ff3bd8a","createdDate":1719601053578,"updatedDate":1719601053578,"versionId":3,"referenceId":null,"systemStatus":"P","updatedByUserId":"5f4d87978f086f27a2ab1467","updatedByUserName":"Chris Lamberth","systemStatusText":null,"userTypes":null,"requirementIds":null,"name":"Branch_RolePresets_Add_Administrator_Click","sourceReferenceId":null,"sourceReferenceAppId":null,"lockedByUserId":null,"lockedByUserName":null,"publicArtifact":false,"enableOffline":false,"locked":false,"canUnlock":false,"publishComment":" ","importantPublish":false,"appId":"5f47f6258f0814ff0a91755e","folderId":"","initializer":[],"triggerType":"uiEvent","flow":[],"createdBy":null,"lastModifiedBy":null,"objectsMap":{"1678381875826":{"id":"1678381875826","type":"startObject","value":[],"taskName":"Start","triggerType":"uiEvent","addedToConfig":true,"painted":true,"position":{},"taskNotes":"<p><br></p>","desc":""},"16783818758261000":{"id":"16783818758261000","parent":"1678382037478","systemExit":true,"type":"return","returnType":"exit","taskName":"Exit","label":"","addedToConfig":false,"painted":false,"position":{},"taskNotes":"<p><br></p>"},"1678381937546":{"id":"1678381937546","type":"query","position":{},"source":null,"target":null,"mapping":null,"label":"","filterBy":"criteria","searchOption":"one","operator":"and","taskName":"Read CURRENT_BRANCH","parent":"1678381875826","painted":false,"taskNotes":"<p><br></p>","sourceVariable":"CURRENT_BRANCH","modelName":"Branch","saveType":"global","addedToConfig":false},"1678382037478":{"id":"1678382037478","type":"rrUiComponent","position":{},"label":"","taskName":"Manipulate UI Component","screenId":["63e280f18f08ae70b13c36d9"],"parent":"1684864752698","painted":false,"customComponent":"646cdf488f0895f70f2d9f85","animationImageType":"","taskNotes":"<p><br></p>","actionType":"changeComponent","pageTitleType":"constant","pageTitleValue":"","uiScope":false,"rrComponentHierarchy":"1609253229740","rrComponentHierarchyType":"pageInclude","dontChangeTitle":true,"rrrclevel":"","addedToConfig":false},"1678397548300":{"id":"1678397548300","type":"createDataObject","position":{},"condition":"Branch_RolePresets","mapping":[{"name":"roleId","valueType":"constant","value":"5f4d78628f086f27a2ab132c","fieldType":"String","list":false,"rr_dynamic_field_name_type":"","fromModel":""},{"name":"roleName","valueType":"constant","value":"Administrator","fieldType":"String","list":false,"rr_dynamic_field_name_type":"","fromModel":""},{"name":"branchId","valueType":"variable","value":"_id","fieldType":"String","list":false,"rr_dynamic_field_name_type":"","fromModel":"Branch","source":"1678381937546"},{"name":"name","valueType":"constant","value":"New Administrator Preset","fieldType":"String","list":false,"rr_dynamic_field_name_type":"","fromModel":""}],"label":"","taskName":"Branch_RolePreset","parent":"1678381937546","painted":false,"taskNotes":"<p><br></p>","showAllFields":false,"addedToConfig":false},"1678397970247":{"id":"1678397970247","type":"persist","position":{},"source":"1678397548300","target":null,"mapping":null,"label":"","taskName":"Write SELECTED_PRESET","parent":"1678397548300","taskNotes":"<p><br></p>","variable":"SELECTED_PRESET","saveType":"global","modelName":"Branch_RolePresets","addedToConfig":false,"painted":false},"1682694891941":{"id":"1682694891941","type":"workflow","position":{},"workflowId":"5fb2a9ba8f08eee59b0a82cb","workflowName":"Main_Dashboard_Hide_Modal_Overlay_Click","workflowType":"uiFlow","label":"","taskName":"Hide Overlay","parent":"1678397970247","painted":false,"taskNotes":"<p><br></p>","addedToConfig":false},"1684864752698":{"id":"1684864752698","type":"workflow","position":{},"workflowId":"646ce1068f0895f70f2d9fd6","workflowName":"Branch_RolePresets_Manager_Main_Add_Caller","workflowType":"uiFlow","label":"","taskName":"Add Confirm","parent":"1682694891941","painted":false,"taskNotes":"<p><br></p>","addedToConfig":false}},"decisionsMap":{},"active":false,"scheduler":false,"savedId":null,"workInProgress":false,"uiFLow":true,"startTaskId":"1678381875826","shouldSecure":false,"allowExecutionForAll":false,"testCase":false,"testSuite":false,"sequence":1,"internal":false,"triggeredFromBpm":false,"inputModel":null,"outputModel":null,"appName":null}]