[{"id":"645a99f88f08984919314e04","companyId":"5f47ce0c8f0815394ff3bd8a","createdDate":1703190158618,"updatedDate":1703190158618,"versionId":4,"referenceId":null,"systemStatus":"P","updatedByUserId":"5f47ce0e8f0815394ff3be1b","updatedByUserName":"Josh Havens","systemStatusText":null,"userTypes":null,"requirementIds":null,"name":"API_Branch_Add_RolePreset","sourceReferenceId":null,"sourceReferenceAppId":null,"lockedByUserId":null,"lockedByUserName":null,"publicArtifact":false,"enableOffline":false,"locked":false,"canUnlock":false,"publishComment":" ","importantPublish":false,"appId":"5f47f6158f0814ff0a917552","folderId":"","initializer":null,"triggerType":"workflow","flow":[],"createdBy":null,"lastModifiedBy":null,"objectsMap":{"1651606511783":{"id":"1651606511783","type":"startObject","value":null,"taskName":"Start","triggerType":"workflow","addedToConfig":true,"painted":true,"position":{},"taskNotes":"<p><br></p>","modelName":"API_BranchRequest","desc":"API_BranchRequest","output":"API_MainResponse"},"16516065117831000":{"id":"16516065117831000","parent":"1652197306788_end","systemExit":true,"type":"return","returnType":"return","taskName":"Exit","label":"","addedToConfig":false,"painted":false,"position":{},"taskNotes":"<p><br></p>","desc":"Return","outputTask":"1652195309857"},"1652195309857":{"id":"1652195309857","type":"createDataObject","position":{},"condition":"API_MainResponse","mapping":[{"name":"status","valueType":"constant","value":"SUCCESS - API_Branch_Add_RolePreset","fieldType":"String","list":false,"rr_dynamic_field_name_type":"","fromModel":""}],"label":"","taskName":"API_MainResponse","parent":"1651606511783","painted":false,"taskNotes":"<p><br></p>","addedToConfig":false},"1652195404384":{"id":"1652195404384","type":"decision","newMapping":true,"position":{},"condition":null,"serviceName":null,"serviceType":null,"operator":"and","mapping":[{"sourceType":"variable","sourceValue":"branchId","source":"1652195407880","sourceFieldType":"String","sourceModel":"Branch_RolePresets","isSourceList":false,"targetType":"variable","targetValue":null,"target":null,"targetFieldType":null,"targetModel":"","isTargetList":null,"comparator":"notEmpty"}],"label":"","parent":"1652195407880","painted":false,"taskNotes":"<p><br></p>","addedToConfig":false},"1652195404384_end":{"id":"1652195404384_end","decisionId":"1652195404384","position":{},"type":"decisionEnd","painted":false,"taskNotes":"<p><br></p>","addedToConfig":false},"1652195404384_success_start":{"id":"1652195404384_success_start","decisionId":"1652195404384","parent":"1652195404384","position":{},"type":"decisionSucessStart","painted":false,"addedToConfig":false},"1652195404384_failure_start":{"id":"1652195404384_failure_start","decisionId":"1652195404384","parent":"1652195404384","position":{},"type":"decisionFailureStart","painted":false,"addedToConfig":false},"1652195404384_success_end":{"id":"1652195404384_success_end","decisionId":"1652195404384","parent":"1652195404384_success_start","position":{},"type":"decisionSucessEnd","painted":false,"addedToConfig":false},"1652195404384_failure_end":{"id":"1652195404384_failure_end","decisionId":"1652195404384","parent":"1652195404389","position":{},"type":"decisionFailureEnd","painted":false,"addedToConfig":false},"1652195404387":{"id":"1652195404387","type":"dataTransfer","position":{},"source":"mddui_page_input_data","sourceType":"page","sourceVariable":"rr_page_data","targetType":"page","target":"1652195309857","targetVariable":null,"resultVariable":null,"mapping":[{"name":"status","valueType":"constant","value":"FAILED","fieldType":"String","list":false,"rr_dynamic_field_name_type":"","fromModel":""}],"label":"","taskName":"Update Model in Memory","parent":"1652195404384_failure_start","painted":false,"taskNotes":"<p><br></p>","condition":"API_MainResponse","addedToConfig":false},"1652195404388":{"id":"1652195404388","type":"expression","position":{},"expression":[{"type":"data","source":"constant","value":"branchId Not Defined in object"}],"targetVariable":null,"label":"","taskName":"branchId Not Defined in object","parent":"1652195404387","painted":false,"taskNotes":"<p><br></p>","expressionType":"string","addedToConfig":false},"1652195404389":{"id":"1652195404389","type":"service","value":"Utility Function","serviceType":"internal","position":{},"label":"","callType":"async","taskName":"Add Reason to List","parent":"1652195404388","painted":false,"desc":"Utility Function","taskNotes":"<p><br></p>","utilityFunctionId":"addToList","addAtIndexType":"constant","addAtIndex":false,"inputTask":"1652195404388","inputValue":"","targetTask":"1652195309857","targetValue":"reasons","addedToConfig":false},"1652195407880":{"id":"1652195407880","type":"createDataObject","position":{},"condition":"Branch_RolePresets","mapping":[{"name":"rr_this_object","valueType":"variable","value":"object","fieldType":null,"list":null,"rr_dynamic_field_name_type":"","fromModel":"API_BranchRequest","source":"rr_page_data"}],"label":"","taskName":"Temp Branch_RolePreset","parent":"1652198114464_end","painted":false,"taskNotes":"<p><br></p>","addedToConfig":false},"1652195456143":{"id":"1652195456143","type":"decision","newMapping":true,"position":{},"condition":null,"serviceName":null,"serviceType":null,"operator":"and","mapping":[{"sourceType":"variable","sourceValue":"roleId","source":"1652195407880","sourceFieldType":"String","sourceModel":"Branch_RolePresets","isSourceList":false,"targetType":"variable","targetValue":null,"target":null,"targetFieldType":null,"targetModel":"","isTargetList":null,"comparator":"notEmpty"}],"label":"","parent":"1652195404384_end","painted":false,"taskNotes":"<p><br></p>","addedToConfig":false},"1652195456143_end":{"id":"1652195456143_end","decisionId":"1652195456143","position":{},"type":"decisionEnd","painted":false,"taskNotes":"<p><br></p>","addedToConfig":false},"1652195456143_success_start":{"id":"1652195456143_success_start","decisionId":"1652195456143","parent":"1652195456143","position":{},"type":"decisionSucessStart","painted":false,"addedToConfig":false},"1652195456143_failure_start":{"id":"1652195456143_failure_start","decisionId":"1652195456143","parent":"1652195456143","position":{},"type":"decisionFailureStart","painted":false,"addedToConfig":false},"1652195456143_success_end":{"id":"1652195456143_success_end","decisionId":"1652195456143","parent":"1652195456143_success_start","position":{},"type":"decisionSucessEnd","painted":false,"addedToConfig":false},"1652195456143_failure_end":{"id":"1652195456143_failure_end","decisionId":"1652195456143","parent":"1652195456152","position":{},"type":"decisionFailureEnd","painted":false,"addedToConfig":false},"1652195456150":{"id":"1652195456150","type":"dataTransfer","position":{},"source":"mddui_page_input_data","sourceType":"page","sourceVariable":"rr_page_data","targetType":"page","target":"1652195309857","targetVariable":null,"resultVariable":null,"mapping":[{"name":"status","valueType":"constant","value":"FAILED","fieldType":"String","list":false,"rr_dynamic_field_name_type":"","fromModel":""}],"label":"","taskName":"Update Model in Memory","parent":"1652195456143_failure_start","painted":false,"taskNotes":"<p><br></p>","condition":"API_MainResponse","addedToConfig":false},"1652195456151":{"id":"1652195456151","type":"expression","position":{},"expression":[{"type":"data","source":"constant","value":"roleId Not Defined in object"}],"targetVariable":null,"label":"","taskName":"roleId Not Defined in object","parent":"1652195456150","painted":false,"taskNotes":"<p><br></p>","expressionType":"string","addedToConfig":false,"outputVariable":""},"1652195456152":{"id":"1652195456152","type":"service","value":"Utility Function","serviceType":"internal","position":{},"label":"","callType":"async","taskName":"Add Reason to List","parent":"1652195456151","painted":false,"desc":"Utility Function","taskNotes":"<p><br></p>","utilityFunctionId":"addToList","addAtIndexType":"constant","addAtIndex":false,"inputTask":"1652195456151","inputValue":"","targetTask":"1652195309857","targetValue":"reasons","addedToConfig":false},"1652195485345_end":{"id":"1652195485345_end","decisionId":"1652195485345","position":{},"type":"decisionEnd","painted":false,"addedToConfig":false},"1652195485345_success_start":{"id":"1652195485345_success_start","decisionId":"1652195485345","parent":"1652195485345","position":{},"type":"decisionSucessStart","painted":false,"addedToConfig":false},"1652195485345_failure_start":{"id":"1652195485345_failure_start","decisionId":"1652195485345","parent":"1652195485345","position":{},"type":"decisionFailureStart","painted":false,"addedToConfig":false},"1652195485345_success_end":{"id":"1652195485345_success_end","decisionId":"1652195485345","parent":"1652195497623","position":{},"type":"decisionSucessEnd","painted":false,"addedToConfig":false},"1652195485345_failure_end":{"id":"1652195485345_failure_end","decisionId":"1652195485345","parent":"1652195485345_failure_start","position":{},"type":"decisionFailureEnd","painted":false,"addedToConfig":false},"1652195485345":{"id":"1652195485345","type":"decision","newMapping":true,"position":{},"condition":null,"serviceName":null,"serviceType":null,"operator":"and","mapping":[{"sourceType":"variable","sourceValue":"status","source":"1652195309857","sourceFieldType":"String","sourceModel":"API_MainResponse","isSourceList":false,"targetType":"constant","targetValue":"FAILED","target":null,"targetFieldType":null,"targetModel":"","isTargetList":null,"comparator":"equals"}],"label":"","parent":"1652195456143_end","painted":false,"taskNotes":"<p><br></p>","addedToConfig":false},"1652195497623":{"id":"1652195497623","type":"goTo","position":{},"mapping":null,"label":"","taskId":"16516065117831000","taskParent":"1652195485345_end","taskName":"Go To","parent":"1652195485345_success_start","painted":false,"taskNotes":"<p><br></p>","addedToConfig":false},"1652197296023":{"id":"1652197296023","type":"persist","position":{},"source":null,"target":null,"mapping":null,"label":"","taskName":"Save Data","parent":"1652195485345_end","isMerge":true,"taskNotes":"<p><br></p>","inputTask":"1652195407880","inputValue":null,"modelName":"Branch_RolePresets","ignoreSecurity":true,"addedToConfig":false,"painted":false},"1652197306788":{"id":"1652197306788","type":"decision","newMapping":true,"position":{},"condition":null,"serviceName":null,"serviceType":null,"operator":"and","mapping":[{"sourceType":"notNull","sourceValue":"name","source":"1652197296023","sourceFieldType":"String","sourceModel":"Branch_InstructorTypes","isSourceList":false,"targetType":"variable","targetValue":null,"target":null,"targetFieldType":null,"targetModel":"","isTargetList":null,"comparator":"notEmpty"}],"label":"","parent":"1652197296023","painted":false,"taskNotes":"<p><br></p>","addedToConfig":false},"1652197306788_end":{"id":"1652197306788_end","decisionId":"1652197306788","position":{},"type":"decisionEnd","painted":false,"taskNotes":"<p><br></p>","addedToConfig":false},"1652197306788_success_start":{"id":"1652197306788_success_start","decisionId":"1652197306788","parent":"1652197306788","position":{},"type":"decisionSucessStart","painted":false,"addedToConfig":false},"1652197306788_failure_start":{"id":"1652197306788_failure_start","decisionId":"1652197306788","parent":"1652197306788","position":{},"type":"decisionFailureStart","painted":false,"addedToConfig":false},"1652197306788_success_end":{"id":"1652197306788_success_end","decisionId":"1652197306788","parent":"1652197366124","position":{},"type":"decisionSucessEnd","painted":false,"addedToConfig":false},"1652197306788_failure_end":{"id":"1652197306788_failure_end","decisionId":"1652197306788","parent":"1652197306803","position":{},"type":"decisionFailureEnd","painted":false,"addedToConfig":false},"1652197306800":{"id":"1652197306800","type":"dataTransfer","position":{},"source":"mddui_page_input_data","sourceType":"page","sourceVariable":"rr_page_data","targetType":"page","target":"1652195309857","targetVariable":null,"resultVariable":null,"mapping":[{"name":"status","valueType":"constant","value":"FAILED","fieldType":"String","list":false,"rr_dynamic_field_name_type":"","fromModel":""}],"label":"","taskName":"Update Model in Memory","parent":"1652197306788_failure_start","painted":false,"taskNotes":"<p><br></p>","condition":"API_MainResponse","addedToConfig":false},"1652197306802":{"id":"1652197306802","type":"expression","position":{},"expression":[{"type":"data","source":"constant","value":"Branch_RolePreset Not Saved"}],"targetVariable":null,"label":"","taskName":"Branch_RolePreset Not Saved","parent":"1652197306800","painted":false,"taskNotes":"<p><br></p>","expressionType":"string","addedToConfig":false,"outputVariable":""},"1652197306803":{"id":"1652197306803","type":"service","value":"Utility Function","serviceType":"internal","position":{},"label":"","callType":"async","taskName":"Add Reason to List","parent":"1652197306802","painted":false,"desc":"Utility Function","taskNotes":"<p><br></p>","utilityFunctionId":"addToList","addAtIndexType":"constant","addAtIndex":false,"inputTask":"1652197306802","inputValue":"","targetTask":"1652195309857","targetValue":"reasons","addedToConfig":false},"1652197360803":{"id":"1652197360803","type":"expression","position":{},"expression":[{"type":"data","source":"constant","value":"Branch_RolePreset Saved"}],"targetVariable":null,"label":"","taskName":"Branch_RolePreset Saved","parent":"1684857806973_end","painted":false,"taskNotes":"<p><br></p>","expressionType":"string","addedToConfig":false,"outputVariable":""},"1652197366124":{"id":"1652197366124","type":"service","value":"Utility Function","serviceType":"internal","position":{},"label":"","callType":"async","taskName":"Add Reason to List","parent":"1652197360803","painted":false,"desc":"Utility Function","taskNotes":"<p><br></p>","utilityFunctionId":"addToList","addAtIndexType":"constant","addAtIndex":false,"inputTask":"1652197360803","inputValue":null,"targetTask":"1652195309857","targetValue":"reasons","addedToConfig":false},"1652198114464":{"id":"1652198114464","type":"decision","newMapping":true,"position":{},"condition":null,"serviceName":null,"serviceType":null,"operator":"and","mapping":[{"sourceType":"variable","sourceValue":"branchId","source":"rr_page_data","sourceFieldType":"String","sourceModel":"API_BranchRequest","isSourceList":false,"targetType":"variable","targetValue":null,"target":null,"targetFieldType":null,"targetModel":"","isTargetList":null,"comparator":"notEmpty"}],"label":"","parent":"1652195309857","painted":false,"taskNotes":"<p><br></p>","addedToConfig":false},"1652198114464_end":{"id":"1652198114464_end","decisionId":"1652198114464","position":{},"type":"decisionEnd","painted":false,"taskNotes":"<p><br></p>","addedToConfig":false},"1652198114464_success_start":{"id":"1652198114464_success_start","decisionId":"1652198114464","parent":"1652198114464","position":{},"type":"decisionSucessStart","painted":false,"addedToConfig":false},"1652198114464_failure_start":{"id":"1652198114464_failure_start","decisionId":"1652198114464","parent":"1652198114464","position":{},"type":"decisionFailureStart","painted":false,"addedToConfig":false},"1652198114464_success_end":{"id":"1652198114464_success_end","decisionId":"1652198114464","parent":"1652198114464_success_start","position":{},"type":"decisionSucessEnd","painted":false,"addedToConfig":false},"1652198114464_failure_end":{"id":"1652198114464_failure_end","decisionId":"1652198114464","parent":"1652198114484","position":{},"type":"decisionFailureEnd","painted":false,"addedToConfig":false},"1652198114481":{"id":"1652198114481","type":"dataTransfer","position":{},"source":"mddui_page_input_data","sourceType":"page","sourceVariable":"rr_page_data","targetType":"page","target":"1652195309857","targetVariable":null,"resultVariable":null,"mapping":[{"name":"status","valueType":"constant","value":"FAILED","fieldType":"String","list":false,"rr_dynamic_field_name_type":"","fromModel":""}],"label":"","taskName":"Update Model in Memory","parent":"1652198114464_failure_start","painted":false,"taskNotes":"<p><br></p>","condition":"API_MainResponse","addedToConfig":false},"1652198114483":{"id":"1652198114483","type":"expression","position":{},"expression":[{"type":"data","source":"constant","value":"branchId Not Defined"}],"targetVariable":null,"label":"","taskName":"branchId Not Defined","parent":"1652198114481","painted":false,"taskNotes":"<p><br></p>","expressionType":"string","addedToConfig":false,"outputVariable":""},"1652198114484":{"id":"1652198114484","type":"service","value":"Utility Function","serviceType":"internal","position":{},"label":"","callType":"async","taskName":"Add Reason to List","parent":"1652198114483","painted":false,"desc":"Utility Function","taskNotes":"<p><br></p>","utilityFunctionId":"addToList","addAtIndexType":"constant","addAtIndex":false,"inputTask":"1652198114483","inputValue":"","targetTask":"1652195309857","targetValue":"reasons","addedToConfig":false},"1684857700765":{"id":"1684857700765","type":"workflow","position":{},"workflowId":"646cd6af8f0895f70f2d9e52","workflowName":"API_Branch_Get_RolePreset","workflowType":"serverFlow","label":"","taskName":"Get Preset","parent":"1684857750704","painted":false,"callType":"sync","taskNotes":"<p><br></p>","addedToConfig":false,"inputTask":"rr_page_data","inputValue":null,"outputDataModel":"API_MainResponse"},"1684857750704":{"id":"1684857750704","type":"dataTransfer","position":{"top":404.5225830078125,"left":438},"source":"mddui_page_input_data","sourceType":"page","sourceVariable":"rr_page_data","targetType":"page","target":"rr_page_data","targetVariable":null,"resultVariable":null,"mapping":[{"name":"contentId","valueType":"variable","value":"_id","fieldType":"String","list":false,"rr_dynamic_field_name_type":"","fromModel":"Branch_RolePresets","source":"1652197296023"}],"label":"","taskName":"Update Model in Memory","parent":"1684857834719","painted":false,"taskNotes":"<p><br></p>","condition":"API_BranchRequest","addedToConfig":false},"1684857784919":{"id":"1684857784919","type":"service","value":"Utility Function","serviceType":"internal","position":{"top":420.5382080078125,"left":618},"label":"","callType":"async","taskName":"Add All Reasons to List","parent":"1684857700765","painted":false,"desc":"Utility Function","taskNotes":"<p><br></p>","utilityFunctionId":"addAllToList","addAtIndexType":"constant","addAtIndex":false,"inputTask":"1684857700765","inputValue":"reasons","targetTask":"1652195309857","targetValue":"reasons","addedToConfig":false},"1684857806973_end":{"id":"1684857806973_end","decisionId":"1684857806973","position":{"top":462.5173645019531,"left":619},"type":"decisionEnd","painted":false,"addedToConfig":false},"1684857806973_success_start":{"id":"1684857806973_success_start","decisionId":"1684857806973","parent":"1684857806973","position":{"top":462.5173645019531,"left":619},"type":"decisionSucessStart","painted":false,"addedToConfig":false},"1684857806973_failure_start":{"id":"1684857806973_failure_start","decisionId":"1684857806973","parent":"1684857806973","position":{"top":462.5173645019531,"left":619},"type":"decisionFailureStart","painted":false,"addedToConfig":false},"1684857806973_success_end":{"id":"1684857806973_success_end","decisionId":"1684857806973","parent":"1684857819702","position":{"top":462.5173645019531,"left":619},"type":"decisionSucessEnd","painted":false,"addedToConfig":false},"1684857806973_failure_end":{"id":"1684857806973_failure_end","decisionId":"1684857806973","parent":"1684857806973_failure_start","position":{"top":462.5173645019531,"left":619},"type":"decisionFailureEnd","painted":false,"addedToConfig":false},"1684857806973":{"id":"1684857806973","type":"decision","newMapping":true,"position":{"top":462.5173645019531,"left":619},"condition":null,"serviceName":null,"serviceType":null,"operator":"and","mapping":[{"sourceType":"variable","sourceValue":"status","source":"1684857700765","sourceFieldType":"String","sourceModel":"API_MainResponse","isSourceList":false,"targetType":"constant","targetValue":"SUCCESS","target":null,"targetFieldType":null,"targetModel":"","isTargetList":null,"comparator":"startswithignorecase"}],"label":"","parent":"1684857784919","painted":false,"taskNotes":"<p><br></p>","addedToConfig":false},"1684857819702":{"id":"1684857819702","type":"dataTransfer","position":{"top":494.5225830078125,"left":499},"source":"mddui_page_input_data","sourceType":"page","sourceVariable":"rr_page_data","targetType":"page","target":"1652195309857","targetVariable":null,"resultVariable":null,"mapping":[{"name":"object","valueType":"variable","value":"object","fieldType":"Object","list":false,"rr_dynamic_field_name_type":"","fromModel":"API_MainResponse","source":"1684857700765"}],"label":"","taskName":"Update Model in Memory","parent":"1684857806973_success_start","painted":false,"taskNotes":"<p><br></p>","condition":"API_MainResponse","addedToConfig":false},"1684857834719":{"id":"1684857834719","type":"dataTransfer","position":{"top":284.5225830078125,"left":603},"source":"mddui_page_input_data","sourceType":"page","sourceVariable":"rr_page_data","targetType":"page","target":"1652195309857","targetVariable":null,"resultVariable":null,"mapping":[{"name":"object","valueType":"variable","value":"rr_this_object","fieldType":"Object","list":false,"rr_dynamic_field_name_type":"","fromModel":"Branch_RolePresets","source":"1652197296023"}],"label":"","taskName":"Update Model in Memory","parent":"1652197306788_success_start","painted":false,"taskNotes":"<p><br></p>","condition":"API_MainResponse","addedToConfig":false}},"decisionsMap":{"1652195404384":{"root":true,"success":"1652195404384_success_start","failure":"1652195404384_failure_start","successEnd":"1652195404384_success_end","failureEnd":"1652195404384_failure_end","end":"1652195404384_end"},"1652195456143":{"root":false,"success":"1652195456143_success_start","failure":"1652195456143_failure_start","successEnd":"1652195456143_success_end","failureEnd":"1652195456143_failure_end","end":"1652195456143_end"},"1652195485345":{"success":"1652195485345_success_start","failure":"1652195485345_failure_start","successEnd":"1652195485345_success_end","failureEnd":"1652195485345_failure_end","end":"1652195485345_end","root":false},"1652197306788":{"root":false,"success":"1652197306788_success_start","failure":"1652197306788_failure_start","successEnd":"1652197306788_success_end","failureEnd":"1652197306788_failure_end","end":"1652197306788_end"},"1652198114464":{"root":false,"success":"1652198114464_success_start","failure":"1652198114464_failure_start","successEnd":"1652198114464_success_end","failureEnd":"1652198114464_failure_end","end":"1652198114464_end"},"1684857806973":{"success":"1684857806973_success_start","failure":"1684857806973_failure_start","successEnd":"1684857806973_success_end","failureEnd":"1684857806973_failure_end","end":"1684857806973_end","root":false}},"active":false,"scheduler":false,"savedId":null,"workInProgress":false,"uiFLow":false,"startTaskId":"1651606511783","shouldSecure":true,"allowExecutionForAll":false,"testCase":false,"testSuite":false,"sequence":1,"internal":false,"triggeredFromBpm":false,"inputModel":"API_BranchRequest","outputModel":null,"appName":null},
{"id":"646cd6af8f0895f70f2d9e52","companyId":"5f47ce0c8f0815394ff3bd8a","createdDate":1719600340287,"updatedDate":1719600340287,"versionId":18,"referenceId":null,"systemStatus":"P","updatedByUserId":"5f4d87978f086f27a2ab1467","updatedByUserName":"Chris Lamberth","systemStatusText":null,"userTypes":null,"requirementIds":null,"name":"API_Branch_Get_RolePreset","sourceReferenceId":null,"sourceReferenceAppId":null,"lockedByUserId":null,"lockedByUserName":null,"publicArtifact":false,"enableOffline":false,"locked":false,"canUnlock":false,"publishComment":" ","importantPublish":false,"appId":"5f47f6158f0814ff0a917552","folderId":"","initializer":null,"triggerType":"workflow","flow":[],"createdBy":null,"lastModifiedBy":null,"objectsMap":{"1651606352023":{"id":"1651606352023","type":"startObject","value":null,"taskName":"Start","triggerType":"workflow","addedToConfig":true,"painted":true,"position":{},"taskNotes":"<p><br></p>","modelName":"API_BranchRequest","desc":"API_BranchRequest","output":"API_MainResponse"},"16516063520231000":{"id":"16516063520231000","parent":"1652214182971_end","systemExit":true,"type":"return","returnType":"return","taskName":"Exit","label":"","addedToConfig":false,"painted":false,"position":{},"taskNotes":"<p><br></p>","desc":"Return","outputTask":"1652208861906"},"1652208861906":{"id":"1652208861906","type":"createDataObject","position":{},"condition":"API_MainResponse","mapping":[{"name":"status","valueType":"constant","value":"SUCCESS - API_Branch_Get_RolePreset","fieldType":"String","list":false,"rr_dynamic_field_name_type":"","fromModel":""}],"label":"","taskName":"API_MainResponse","parent":"1651606352023","painted":false,"taskNotes":"<p><br></p>","addedToConfig":false},"1652213975601_end":{"id":"1652213975601_end","decisionId":"1652213975601","position":{},"type":"decisionEnd","painted":false,"taskNotes":"<p><br></p>","addedToConfig":false},"1652213975601_success_start":{"id":"1652213975601_success_start","decisionId":"1652213975601","parent":"1652213975601","position":{},"type":"decisionSucessStart","painted":false,"addedToConfig":false},"1652213975601_failure_start":{"id":"1652213975601_failure_start","decisionId":"1652213975601","parent":"1652213975601","position":{},"type":"decisionFailureStart","painted":false,"addedToConfig":false},"1652213975601_success_end":{"id":"1652213975601_success_end","decisionId":"1652213975601","parent":"1652213975601_success_start","position":{},"type":"decisionSucessEnd","painted":false,"addedToConfig":false},"1652213975601_failure_end":{"id":"1652213975601_failure_end","decisionId":"1652213975601","parent":"1652214000960","position":{},"type":"decisionFailureEnd","painted":false,"addedToConfig":false},"1652213975601":{"id":"1652213975601","type":"decision","newMapping":true,"position":{},"condition":null,"serviceName":null,"serviceType":null,"operator":"and","mapping":[{"sourceType":"variable","sourceValue":"branchId","source":"rr_page_data","sourceFieldType":"String","sourceModel":"API_BranchRequest","isSourceList":false,"targetType":"variable","targetValue":null,"target":null,"targetFieldType":null,"targetModel":"","isTargetList":null,"comparator":"notEmpty"}],"label":"","parent":"1652208861906","painted":false,"taskNotes":"<p><br></p>","addedToConfig":false},"1652213989255":{"id":"1652213989255","type":"dataTransfer","position":{},"source":"mddui_page_input_data","sourceType":"page","sourceVariable":"rr_page_data","targetType":"page","target":"1652208861906","targetVariable":null,"resultVariable":null,"mapping":[{"name":"status","valueType":"constant","value":"FAILED","fieldType":"String","list":false,"rr_dynamic_field_name_type":"","fromModel":""}],"label":"","taskName":"Update Model in Memory","parent":"1652213975601_failure_start","painted":false,"taskNotes":"<p><br></p>","condition":"API_MainResponse","addedToConfig":false},"1652213998536":{"id":"1652213998536","type":"expression","position":{},"expression":[{"type":"data","source":"constant","value":"branchId Not Defined"}],"targetVariable":null,"label":"","taskName":"branchId Not Defined","parent":"1652213989255","painted":false,"taskNotes":"<p><br></p>","outputVariable":"","expressionType":"string","addedToConfig":false},"1652214000960":{"id":"1652214000960","type":"service","value":"Utility Function","serviceType":"internal","position":{},"label":"","callType":"async","taskName":"Add Reason to List","parent":"1652213998536","painted":false,"desc":"Utility Function","taskNotes":"<p><br></p>","utilityFunctionId":"addToList","addAtIndexType":"constant","addAtIndex":false,"inputTask":"1652213998536","inputValue":"","targetTask":"1652208861906","targetValue":"reasons","addedToConfig":false},"1652214063177_end":{"id":"1652214063177_end","decisionId":"1652214063177","position":{},"type":"decisionEnd","painted":false,"addedToConfig":false},"1652214063177_success_start":{"id":"1652214063177_success_start","decisionId":"1652214063177","parent":"1652214063177","position":{},"type":"decisionSucessStart","painted":false,"addedToConfig":false},"1652214063177_failure_start":{"id":"1652214063177_failure_start","decisionId":"1652214063177","parent":"1652214063177","position":{},"type":"decisionFailureStart","painted":false,"addedToConfig":false},"1652214063177_success_end":{"id":"1652214063177_success_end","decisionId":"1652214063177","parent":"1652214065794","position":{},"type":"decisionSucessEnd","painted":false,"addedToConfig":false},"1652214063177_failure_end":{"id":"1652214063177_failure_end","decisionId":"1652214063177","parent":"1652214063177_failure_start","position":{},"type":"decisionFailureEnd","painted":false,"addedToConfig":false},"1652214063177":{"id":"1652214063177","type":"decision","newMapping":true,"position":{},"condition":null,"serviceName":null,"serviceType":null,"operator":"and","mapping":[{"sourceType":"variable","sourceValue":"status","source":"1652208861906","sourceFieldType":"String","sourceModel":"API_MainResponse","isSourceList":false,"targetType":"constant","targetValue":"FAILED","target":null,"targetFieldType":null,"targetModel":"","isTargetList":null,"comparator":"equals"}],"label":"","parent":"1684854462399_end","painted":false,"taskNotes":"<p><br></p>","addedToConfig":false},"1652214065794":{"id":"1652214065794","type":"goTo","position":{},"mapping":null,"label":"","taskId":"16516063520231000","taskParent":"1652214063177_end","taskName":"Go To","parent":"1652214063177_success_start","painted":false,"taskNotes":"<p><br></p>","addedToConfig":false},"1652214182971":{"id":"1652214182971","type":"decision","newMapping":true,"position":{},"condition":null,"serviceName":null,"serviceType":null,"operator":"and","mapping":[{"sourceType":"notNull","sourceValue":"branchId","source":"1674070974125","sourceFieldType":"String","isSourceList":false,"targetType":"variable","targetValue":null,"target":null,"targetFieldType":null,"targetModel":"","isTargetList":null,"comparator":"notEmpty","sourceModel":"Branch_DegreeLevels"}],"label":"","parent":"1674070974125","painted":false,"taskNotes":"<p><br></p>","addedToConfig":false},"1652214182971_end":{"id":"1652214182971_end","decisionId":"1652214182971","position":{},"type":"decisionEnd","painted":false,"taskNotes":"<p><br></p>","addedToConfig":false},"1652214182971_success_start":{"id":"1652214182971_success_start","decisionId":"1652214182971","parent":"1652214182971","position":{},"type":"decisionSucessStart","painted":false,"addedToConfig":false},"1652214182971_failure_start":{"id":"1652214182971_failure_start","decisionId":"1652214182971","parent":"1652214182971","position":{},"type":"decisionFailureStart","painted":false,"addedToConfig":false},"1652214182971_success_end":{"id":"1652214182971_success_end","decisionId":"1652214182971","parent":"1675792709237","position":{},"type":"decisionSucessEnd","painted":false,"addedToConfig":false},"1652214182971_failure_end":{"id":"1652214182971_failure_end","decisionId":"1652214182971","parent":"1652214182975","position":{},"type":"decisionFailureEnd","painted":false,"addedToConfig":false},"1652214182974":{"id":"1652214182974","type":"expression","position":{},"expression":[{"type":"data","source":"constant","value":"No Branch_RolePreset Found"}],"targetVariable":null,"label":"","taskName":"No Branch_RolePreset Found","parent":"1652214182971_failure_start","painted":false,"taskNotes":"<p><br></p>","outputVariable":"","expressionType":"string","addedToConfig":false},"1652214182975":{"id":"1652214182975","type":"service","value":"Utility Function","serviceType":"internal","position":{},"label":"","callType":"async","taskName":"Add Reason to List","parent":"1652214182974","painted":false,"desc":"Utility Function","taskNotes":"<p><br></p>","utilityFunctionId":"addToList","addAtIndexType":"constant","addAtIndex":false,"inputTask":"1652214182974","inputValue":"","targetTask":"1652208861906","targetValue":"reasons","addedToConfig":false},"1674070974125":{"id":"1674070974125","type":"query","position":{},"source":null,"target":null,"mapping":[{"name":"branchId","valueType":"variable","value":"branchId","fieldType":"String","list":false,"fromModel":"API_BranchRequest","comparator":"equals","source":"rr_page_data"},{"name":"_id","valueType":"variable","value":"contentId","fieldType":"String","list":false,"fromModel":"API_BranchRequest","comparator":"equals","source":"rr_page_data"}],"label":"","filterBy":"criteria","searchOption":"one","operator":"and","taskName":"Role Preset","parent":"1652214063177_end","painted":false,"taskNotes":"<p><br></p>","ignoreSecurity":true,"queryType":"dynamic","relationshipMapping":[],"selectFields":[],"sortFields":[],"modelName":"Branch_RolePresets","addedToConfig":false,"query":"645a9c788f08984919314e45","inputTask":"rr_page_data","inputValue":null},"1675792709237":{"id":"1675792709237","type":"dataTransfer","position":{},"source":"mddui_page_input_data","sourceType":"page","sourceVariable":"rr_page_data","targetType":"page","target":"1652208861906","targetVariable":null,"resultVariable":null,"mapping":[{"name":"object","valueType":"variable","value":"rr_this_object","fieldType":"Object","list":false,"rr_dynamic_field_name_type":"","fromModel":"Branch_RolePresets","source":"1674070974125"}],"label":"","taskName":"Update Model in Memory","parent":"1684857987723_end","painted":false,"taskNotes":"<p><br></p>","condition":"API_MainResponse","addedToConfig":false},"1684854462399":{"id":"1684854462399","type":"decision","newMapping":true,"position":{},"condition":null,"serviceName":null,"serviceType":null,"operator":"and","mapping":[{"sourceType":"variable","sourceValue":"contentId","source":"rr_page_data","sourceFieldType":"String","sourceModel":"API_BranchRequest","isSourceList":false,"targetType":"variable","targetValue":null,"target":null,"targetFieldType":null,"targetModel":"","isTargetList":null,"comparator":"notEmpty"}],"label":"","parent":"1652213975601_end","painted":false,"taskNotes":"<p><br></p>","addedToConfig":false},"1684854462399_end":{"id":"1684854462399_end","decisionId":"1684854462399","position":{},"type":"decisionEnd","painted":false,"taskNotes":"<p><br></p>","addedToConfig":false},"1684854462399_success_start":{"id":"1684854462399_success_start","decisionId":"1684854462399","parent":"1684854462399","position":{},"type":"decisionSucessStart","painted":false,"addedToConfig":false},"1684854462399_failure_start":{"id":"1684854462399_failure_start","decisionId":"1684854462399","parent":"1684854462399","position":{},"type":"decisionFailureStart","painted":false,"addedToConfig":false},"1684854462399_success_end":{"id":"1684854462399_success_end","decisionId":"1684854462399","parent":"1684854462399_success_start","position":{},"type":"decisionSucessEnd","painted":false,"addedToConfig":false},"1684854462399_failure_end":{"id":"1684854462399_failure_end","decisionId":"1684854462399","parent":"1684854462404","position":{},"type":"decisionFailureEnd","painted":false,"addedToConfig":false},"1684854462402":{"id":"1684854462402","type":"dataTransfer","position":{},"source":"mddui_page_input_data","sourceType":"page","sourceVariable":"rr_page_data","targetType":"page","target":"1652208861906","targetVariable":null,"resultVariable":null,"mapping":[{"name":"status","valueType":"constant","value":"FAILED","fieldType":"String","list":false,"rr_dynamic_field_name_type":"","fromModel":""}],"label":"","taskName":"Update Model in Memory","parent":"1684854462399_failure_start","painted":false,"taskNotes":"<p><br></p>","condition":"API_MainResponse","addedToConfig":false},"1684854462403":{"id":"1684854462403","type":"expression","position":{},"expression":[{"type":"data","source":"constant","value":"contentId Not Defined"}],"targetVariable":null,"label":"","taskName":"contentId Not Defined","parent":"1684854462402","painted":false,"taskNotes":"<p><br></p>","outputVariable":"","expressionType":"string","addedToConfig":false},"1684854462404":{"id":"1684854462404","type":"service","value":"Utility Function","serviceType":"internal","position":{},"label":"","callType":"async","taskName":"Add Reason to List","parent":"1684854462403","painted":false,"desc":"Utility Function","taskNotes":"<p><br></p>","utilityFunctionId":"addToList","addAtIndexType":"constant","addAtIndex":false,"inputTask":"1684854462403","inputValue":"","targetTask":"1652208861906","targetValue":"reasons","addedToConfig":false},"1684857905161":{"id":"1684857905161","type":"query","position":{},"source":null,"target":null,"mapping":[{"name":"parentMenuItemId","valueType":"variable","value":"roleId","fieldType":"String","list":false,"fromModel":"Branch_RolePresets","comparator":"equals","source":"1674070974125"},{"name":"requiresPermission","valueType":"constant","value":"true","fieldType":"Boolean","list":false,"fromModel":"","comparator":"equals"},{"name":"enabled","valueType":"constant","value":"true","fieldType":"Boolean","list":false,"fromModel":"","comparator":"equals"}],"label":"","filterBy":"criteria","searchOption":"many","operator":"and","taskName":"T1 Menu Items","parent":"1685042860164_end","painted":false,"taskNotes":"<p><br></p>","ignoreSecurity":true,"queryType":"dynamic","relationshipMapping":[],"selectFields":[{"fieldName":"name"},{"fieldName":"parentMenuItemId"},{"fieldName":"seq"},{"fieldName":"_id"}],"sortFields":[{"fieldName":"seq","sortOrder":1}],"modelName":"Menu_Items","addedToConfig":false,"useOwnerTenant":true},"1684857987723_end":{"id":"1684857987723_end","decisionId":"1684857987723","position":{},"type":"decisionEnd","painted":false,"addedToConfig":false},"1684857987723_success_start":{"id":"1684857987723_success_start","decisionId":"1684857987723","parent":"1684857987723","position":{},"type":"decisionSucessStart","painted":false,"addedToConfig":false},"1684857987723_failure_start":{"id":"1684857987723_failure_start","decisionId":"1684857987723","parent":"1684857987723","position":{},"type":"decisionFailureStart","painted":false,"addedToConfig":false},"1684857987723_success_end":{"id":"1684857987723_success_end","decisionId":"1684857987723","parent":"1684858003666iterationEnd","position":{},"type":"decisionSucessEnd","painted":false,"addedToConfig":false},"1684857987723_failure_end":{"id":"1684857987723_failure_end","decisionId":"1684857987723","parent":"1719600318171","position":{},"type":"decisionFailureEnd","painted":false,"addedToConfig":false},"1684857987723":{"id":"1684857987723","type":"decision","newMapping":true,"position":{},"condition":null,"serviceName":null,"serviceType":null,"operator":"and","mapping":[{"sourceType":"notNull","sourceValue":null,"source":"1684857905161","sourceFieldType":null,"sourceModel":"Menu_Items","isSourceList":null,"targetType":"variable","targetValue":null,"target":null,"targetFieldType":null,"targetModel":"","isTargetList":null,"comparator":null}],"label":"","parent":"1684857905161","painted":false,"taskNotes":"<p><br></p>","addedToConfig":false},"1684858003666iterationEnd":{"id":"1684858003666iterationEnd","iteratorId":"1684858003666","parent":"1684858642008","position":{},"type":"iterationEnd","painted":false,"addedToConfig":false},"1684858003666":{"id":"1684858003666","type":"iterator","iterationType":"for","position":{},"mapping":[],"label":"","taskName":"Current T1","parent":"1684857987723_success_start","painted":false,"counterType":"dynamic","operator":"and","taskNotes":"<p><br></p>","inputValue":null,"inputTask":"1684857905161","inputDataModel":"Menu_Items","addedToConfig":false},"1684858016556":{"id":"1684858016556","type":"filter","position":{},"source":null,"target":null,"mapping":[{"name":"_id","valueType":"variable","value":"_id","fieldType":"String","list":false,"fromModel":"Menu_Items","comparator":"equals","source":"1684858003666"}],"label":"","searchOption":"one","operator":"and","taskName":"Matching T1","filterBy":"criteria","indexType":"constant","index":0,"parent":"1684858003666","painted":false,"taskNotes":"<p><br></p>","inputTask":"1674070974125","inputValue":"items","modelName":"Menu_Items","addedToConfig":false},"1684858072321_end":{"id":"1684858072321_end","decisionId":"1684858072321","position":{},"type":"decisionEnd","painted":false,"taskNotes":"<p><br></p>","addedToConfig":false},"1684858072321_success_start":{"id":"1684858072321_success_start","decisionId":"1684858072321","parent":"1684858072321","position":{},"type":"decisionSucessStart","painted":false,"addedToConfig":false},"1684858072321_failure_start":{"id":"1684858072321_failure_start","decisionId":"1684858072321","parent":"1684858072321","position":{},"type":"decisionFailureStart","painted":false,"addedToConfig":false},"1684858072321_success_end":{"id":"1684858072321_success_end","decisionId":"1684858072321","parent":"1684858084117","position":{},"type":"decisionSucessEnd","painted":false,"addedToConfig":false},"1684858072321_failure_end":{"id":"1684858072321_failure_end","decisionId":"1684858072321","parent":"1684858072321_failure_start","position":{},"type":"decisionFailureEnd","painted":false,"addedToConfig":false},"1684858072321":{"id":"1684858072321","type":"decision","newMapping":true,"position":{},"condition":null,"serviceName":null,"serviceType":null,"operator":"and","mapping":[{"sourceType":"notNull","sourceValue":null,"source":"1684858016556","sourceFieldType":null,"sourceModel":"Menu_Items","isSourceList":null,"targetType":"variable","targetValue":null,"target":null,"targetFieldType":null,"targetModel":"","isTargetList":null,"comparator":null}],"label":"","parent":"1684858016556","painted":false,"taskNotes":"<p><br></p>","addedToConfig":false},"1684858084117":{"id":"1684858084117","type":"dataTransfer","position":{},"source":"mddui_page_input_data","sourceType":"page","sourceVariable":"rr_page_data","targetType":"page","target":"1684858003666","targetVariable":null,"resultVariable":null,"mapping":[{"name":"toggleInput","valueType":"variable","value":"toggleInput","fieldType":"Boolean","list":false,"rr_dynamic_field_name_type":"","fromModel":"Menu_Items","source":"1684858016556"}],"label":"","taskName":"Update Model in Memory","parent":"1684858072321_success_start","painted":false,"taskNotes":"<p><br></p>","condition":"Menu_Items","addedToConfig":false},"1684858113020":{"id":"1684858113020","type":"query","position":{},"source":null,"target":null,"mapping":[{"name":"parentMenuItemId","valueType":"variable","value":"_id","fieldType":"String","list":false,"fromModel":"Menu_Items","comparator":"equals","source":"1684858003666"},{"name":"requiresPermission","valueType":"constant","value":"true","fieldType":"Boolean","list":false,"fromModel":"","comparator":"equals"},{"name":"enabled","valueType":"constant","value":"true","fieldType":"Boolean","list":false,"fromModel":"","comparator":"equals"}],"label":"","filterBy":"criteria","searchOption":"many","operator":"and","taskName":"T2 Items","parent":"1684858072321_end","painted":false,"taskNotes":"<p><br></p>","ignoreSecurity":true,"queryType":"dynamic","relationshipMapping":[],"selectFields":[{"fieldName":"name"},{"fieldName":"parentMenuItemId"},{"fieldName":"seq"},{"fieldName":"_id"}],"sortFields":[{"fieldName":"seq","sortOrder":1}],"modelName":"Menu_Items","addedToConfig":false,"useOwnerTenant":true},"1684858139827_end":{"id":"1684858139827_end","decisionId":"1684858139827","position":{},"type":"decisionEnd","painted":false,"taskNotes":"<p><br></p>","addedToConfig":false},"1684858139827_success_start":{"id":"1684858139827_success_start","decisionId":"1684858139827","parent":"1684858139827","position":{},"type":"decisionSucessStart","painted":false,"addedToConfig":false},"1684858139827_failure_start":{"id":"1684858139827_failure_start","decisionId":"1684858139827","parent":"1684858139827","position":{},"type":"decisionFailureStart","painted":false,"addedToConfig":false},"1684858139827_success_end":{"id":"1684858139827_success_end","decisionId":"1684858139827","parent":"1684858153573iterationEnd","position":{},"type":"decisionSucessEnd","painted":false,"addedToConfig":false},"1684858139827_failure_end":{"id":"1684858139827_failure_end","decisionId":"1684858139827","parent":"1684861327953","position":{},"type":"decisionFailureEnd","painted":false,"addedToConfig":false},"1684858139827":{"id":"1684858139827","type":"decision","newMapping":true,"position":{},"condition":null,"serviceName":null,"serviceType":null,"operator":"and","mapping":[{"sourceType":"notNull","sourceValue":null,"source":"1684858113020","sourceFieldType":null,"sourceModel":"Menu_Items","isSourceList":null,"targetType":"variable","targetValue":null,"target":null,"targetFieldType":null,"targetModel":"","isTargetList":null,"comparator":null}],"label":"","parent":"1684858113020","painted":false,"taskNotes":"<p><br></p>","addedToConfig":false},"1684858153573iterationEnd":{"id":"1684858153573iterationEnd","iteratorId":"1684858153573","parent":"1684858623368","position":{},"type":"iterationEnd","painted":false,"addedToConfig":false},"1684858153573":{"id":"1684858153573","type":"iterator","iterationType":"for","position":{},"mapping":[],"label":"","taskName":"Current T2","parent":"1684865230845","painted":false,"counterType":"dynamic","operator":"and","taskNotes":"<p><br></p>","inputTask":"1684858113020","inputValue":null,"inputDataModel":"Menu_Items","addedToConfig":false},"1684858167228":{"id":"1684858167228","type":"filter","position":{},"source":null,"target":null,"mapping":[{"name":"_id","valueType":"variable","value":"_id","fieldType":"String","list":false,"fromModel":"Menu_Items","comparator":"equals","source":"1684858153573"}],"label":"","searchOption":"one","operator":"and","taskName":"Matching T2","filterBy":"criteria","indexType":"constant","index":0,"parent":"1684858153573","painted":false,"taskNotes":"<p><br></p>","inputTask":"1674070974125","inputValue":"items","modelName":"Menu_Items","addedToConfig":false},"1684858171268":{"id":"1684858171268","type":"decision","newMapping":true,"position":{},"condition":null,"serviceName":null,"serviceType":null,"operator":"and","mapping":[{"sourceType":"notNull","sourceValue":null,"source":"1684858167228","sourceFieldType":null,"sourceModel":"Menu_Items","isSourceList":null,"targetType":"variable","targetValue":null,"target":null,"targetFieldType":null,"targetModel":"","isTargetList":null,"comparator":null}],"label":"","parent":"1684858167228","painted":false,"taskNotes":"<p><br></p>","addedToConfig":false},"1684858171268_end":{"id":"1684858171268_end","decisionId":"1684858171268","position":{},"type":"decisionEnd","painted":false,"taskNotes":"<p><br></p>","addedToConfig":false},"1684858171268_success_start":{"id":"1684858171268_success_start","decisionId":"1684858171268","parent":"1684858171268","position":{},"type":"decisionSucessStart","painted":false,"addedToConfig":false},"1684858171268_failure_start":{"id":"1684858171268_failure_start","decisionId":"1684858171268","parent":"1684858171268","position":{},"type":"decisionFailureStart","painted":false,"addedToConfig":false},"1684858171268_success_end":{"id":"1684858171268_success_end","decisionId":"1684858171268","parent":"1684858171269","position":{},"type":"decisionSucessEnd","painted":false,"addedToConfig":false},"1684858171268_failure_end":{"id":"1684858171268_failure_end","decisionId":"1684858171268","parent":"1684858171268_failure_start","position":{},"type":"decisionFailureEnd","painted":false,"addedToConfig":false},"1684858171269":{"id":"1684858171269","type":"dataTransfer","position":{},"source":"mddui_page_input_data","sourceType":"page","sourceVariable":"rr_page_data","targetType":"page","target":"1684858153573","targetVariable":null,"resultVariable":null,"mapping":[{"name":"toggleInput","valueType":"variable","value":"toggleInput","fieldType":"Boolean","list":false,"rr_dynamic_field_name_type":"","fromModel":"Menu_Items","source":"1684858167228"}],"label":"","taskName":"Update Model in Memory","parent":"1684858171268_success_start","painted":false,"taskNotes":"<p><br></p>","condition":"Menu_Items","addedToConfig":false},"1684858208341":{"id":"1684858208341","type":"query","position":{},"source":null,"target":null,"mapping":[{"name":"parentMenuItemId","valueType":"variable","value":"_id","fieldType":"String","list":false,"fromModel":"Menu_Items","comparator":"equals","source":"1684858153573"},{"name":"requiresPermission","valueType":"constant","value":"true","fieldType":"Boolean","list":false,"fromModel":"","comparator":"equals"},{"name":"enabled","valueType":"constant","value":"true","fieldType":"Boolean","list":false,"fromModel":"","comparator":"equals"}],"label":"","filterBy":"criteria","searchOption":"many","operator":"and","taskName":"T3 Items","parent":"1684858171268_end","painted":false,"taskNotes":"<p><br></p>","ignoreSecurity":true,"queryType":"dynamic","relationshipMapping":[],"selectFields":[{"fieldName":"name"},{"fieldName":"parentMenuItemId"},{"fieldName":"seq"},{"fieldName":"_id"}],"sortFields":[{"fieldName":"seq","sortOrder":1}],"modelName":"Menu_Items","addedToConfig":false,"useOwnerTenant":true},"1684858226199_end":{"id":"1684858226199_end","decisionId":"1684858226199","position":{},"type":"decisionEnd","painted":false,"taskNotes":"<p><br></p>","addedToConfig":false},"1684858226199_success_start":{"id":"1684858226199_success_start","decisionId":"1684858226199","parent":"1684858226199","position":{},"type":"decisionSucessStart","painted":false,"addedToConfig":false},"1684858226199_failure_start":{"id":"1684858226199_failure_start","decisionId":"1684858226199","parent":"1684858226199","position":{},"type":"decisionFailureStart","painted":false,"addedToConfig":false},"1684858226199_success_end":{"id":"1684858226199_success_end","decisionId":"1684858226199","parent":"1684858235529iterationEnd","position":{},"type":"decisionSucessEnd","painted":false,"addedToConfig":false},"1684858226199_failure_end":{"id":"1684858226199_failure_end","decisionId":"1684858226199","parent":"1684861319328","position":{},"type":"decisionFailureEnd","painted":false,"addedToConfig":false},"1684858226199":{"id":"1684858226199","type":"decision","newMapping":true,"position":{},"condition":null,"serviceName":null,"serviceType":null,"operator":"and","mapping":[{"sourceType":"notNull","sourceValue":null,"source":"1684858208341","sourceFieldType":null,"sourceModel":"Menu_Items","isSourceList":null,"targetType":"variable","targetValue":null,"target":null,"targetFieldType":null,"targetModel":"","isTargetList":null,"comparator":null}],"label":"","parent":"1684858208341","painted":false,"taskNotes":"<p><br></p>","addedToConfig":false},"1684858235529iterationEnd":{"id":"1684858235529iterationEnd","iteratorId":"1684858235529","parent":"1684858607864","position":{},"type":"iterationEnd","painted":false,"addedToConfig":false},"1684858235529":{"id":"1684858235529","type":"iterator","iterationType":"for","position":{},"mapping":[],"label":"","taskName":"Current T3","parent":"1684865250998","painted":false,"counterType":"dynamic","operator":"and","taskNotes":"<p><br></p>","inputTask":"1684858208341","inputValue":null,"inputDataModel":"Menu_Items","addedToConfig":false},"1684858249270":{"id":"1684858249270","type":"filter","position":{},"source":null,"target":null,"mapping":[{"name":"_id","valueType":"variable","value":"_id","fieldType":"String","list":false,"fromModel":"Menu_Items","comparator":"equals","source":"1684858235529"}],"label":"","searchOption":"one","operator":"and","taskName":"Matching T3","filterBy":"criteria","indexType":"constant","index":0,"parent":"1684858235529","painted":false,"taskNotes":"<p><br></p>","inputTask":"1674070974125","inputValue":"items","modelName":"Menu_Items","addedToConfig":false},"1684858254879":{"id":"1684858254879","type":"decision","newMapping":true,"position":{},"condition":null,"serviceName":null,"serviceType":null,"operator":"and","mapping":[{"sourceType":"notNull","sourceValue":null,"source":"1684858249270","sourceFieldType":null,"sourceModel":"Menu_Items","isSourceList":null,"targetType":"variable","targetValue":null,"target":null,"targetFieldType":null,"targetModel":"","isTargetList":null,"comparator":null}],"label":"","parent":"1684858249270","painted":false,"taskNotes":"<p><br></p>","addedToConfig":false},"1684858254879_end":{"id":"1684858254879_end","decisionId":"1684858254879","position":{},"type":"decisionEnd","painted":false,"taskNotes":"<p><br></p>","addedToConfig":false},"1684858254879_success_start":{"id":"1684858254879_success_start","decisionId":"1684858254879","parent":"1684858254879","position":{},"type":"decisionSucessStart","painted":false,"addedToConfig":false},"1684858254879_failure_start":{"id":"1684858254879_failure_start","decisionId":"1684858254879","parent":"1684858254879","position":{},"type":"decisionFailureStart","painted":false,"addedToConfig":false},"1684858254879_success_end":{"id":"1684858254879_success_end","decisionId":"1684858254879","parent":"1684858254883","position":{},"type":"decisionSucessEnd","painted":false,"addedToConfig":false},"1684858254879_failure_end":{"id":"1684858254879_failure_end","decisionId":"1684858254879","parent":"1684858254879_failure_start","position":{},"type":"decisionFailureEnd","painted":false,"addedToConfig":false},"1684858254883":{"id":"1684858254883","type":"dataTransfer","position":{},"source":"mddui_page_input_data","sourceType":"page","sourceVariable":"rr_page_data","targetType":"page","target":"1684858235529","targetVariable":null,"resultVariable":null,"mapping":[{"name":"toggleInput","valueType":"variable","value":"toggleInput","fieldType":"Boolean","list":false,"rr_dynamic_field_name_type":"","fromModel":"Menu_Items","source":"1684858249270"}],"label":"","taskName":"Update Model in Memory","parent":"1684858254879_success_start","painted":false,"taskNotes":"<p><br></p>","condition":"Menu_Items","addedToConfig":false},"1684858275391":{"id":"1684858275391","type":"query","position":{},"source":null,"target":null,"mapping":[{"name":"parentMenuItemId","valueType":"variable","value":"_id","fieldType":"String","list":false,"fromModel":"Menu_Items","comparator":"equals","source":"1684858235529"},{"name":"requiresPermission","valueType":"constant","value":"true","fieldType":"Boolean","list":false,"fromModel":"","comparator":"equals"},{"name":"enabled","valueType":"constant","value":"true","fieldType":"Boolean","list":false,"fromModel":"","comparator":"equals"}],"label":"","filterBy":"criteria","searchOption":"many","operator":"and","taskName":"T4 Items","parent":"1684858254879_end","painted":false,"taskNotes":"<p><br></p>","ignoreSecurity":true,"queryType":"dynamic","relationshipMapping":[],"selectFields":[{"fieldName":"name"},{"fieldName":"parentMenuItemId"},{"fieldName":"seq"},{"fieldName":"_id"}],"sortFields":[{"fieldName":"seq","sortOrder":1}],"modelName":"Menu_Items","addedToConfig":false,"useOwnerTenant":true},"1684858291841_end":{"id":"1684858291841_end","decisionId":"1684858291841","position":{},"type":"decisionEnd","painted":false,"taskNotes":"<p><br></p>","addedToConfig":false},"1684858291841_success_start":{"id":"1684858291841_success_start","decisionId":"1684858291841","parent":"1684858291841","position":{},"type":"decisionSucessStart","painted":false,"addedToConfig":false},"1684858291841_failure_start":{"id":"1684858291841_failure_start","decisionId":"1684858291841","parent":"1684858291841","position":{},"type":"decisionFailureStart","painted":false,"addedToConfig":false},"1684858291841_success_end":{"id":"1684858291841_success_end","decisionId":"1684858291841","parent":"1684858305209iterationEnd","position":{},"type":"decisionSucessEnd","painted":false,"addedToConfig":false},"1684858291841_failure_end":{"id":"1684858291841_failure_end","decisionId":"1684858291841","parent":"1684861309201","position":{},"type":"decisionFailureEnd","painted":false,"addedToConfig":false},"1684858291841":{"id":"1684858291841","type":"decision","newMapping":true,"position":{},"condition":null,"serviceName":null,"serviceType":null,"operator":"and","mapping":[{"sourceType":"notNull","sourceValue":null,"source":"1684858275391","sourceFieldType":null,"sourceModel":"Menu_Items","isSourceList":null,"targetType":"variable","targetValue":null,"target":null,"targetFieldType":null,"targetModel":"","isTargetList":null,"comparator":null}],"label":"","parent":"1684858275391","painted":false,"taskNotes":"<p><br></p>","addedToConfig":false},"1684858305209iterationEnd":{"id":"1684858305209iterationEnd","iteratorId":"1684858305209","parent":"1684858587672","position":{},"type":"iterationEnd","painted":false,"addedToConfig":false},"1684858305209":{"id":"1684858305209","type":"iterator","iterationType":"for","position":{},"mapping":[],"label":"","taskName":"Current T4","parent":"1684865259125","painted":false,"counterType":"dynamic","operator":"and","taskNotes":"<p><br></p>","inputTask":"1684858275391","inputValue":null,"inputDataModel":"Menu_Items","addedToConfig":false},"1684858319144":{"id":"1684858319144","type":"filter","position":{},"source":null,"target":null,"mapping":[{"name":"_id","valueType":"variable","value":"_id","fieldType":"String","list":false,"fromModel":"Menu_Items","comparator":"equals","source":"1684858305209"}],"label":"","searchOption":"one","operator":"and","taskName":"Matching T4","filterBy":"criteria","indexType":"constant","index":0,"parent":"1684858305209","painted":false,"taskNotes":"<p><br></p>","inputTask":"1674070974125","inputValue":"items","modelName":"Menu_Items","addedToConfig":false},"1684858323632":{"id":"1684858323632","type":"decision","newMapping":true,"position":{},"condition":null,"serviceName":null,"serviceType":null,"operator":"and","mapping":[{"sourceType":"notNull","sourceValue":null,"source":"1684858319144","sourceFieldType":null,"sourceModel":"Menu_Items","isSourceList":null,"targetType":"variable","targetValue":null,"target":null,"targetFieldType":null,"targetModel":"","isTargetList":null,"comparator":null}],"label":"","parent":"1684858319144","painted":false,"taskNotes":"<p><br></p>","addedToConfig":false},"1684858323632_end":{"id":"1684858323632_end","decisionId":"1684858323632","position":{},"type":"decisionEnd","painted":false,"taskNotes":"<p><br></p>","addedToConfig":false},"1684858323632_success_start":{"id":"1684858323632_success_start","decisionId":"1684858323632","parent":"1684858323632","position":{},"type":"decisionSucessStart","painted":false,"addedToConfig":false},"1684858323632_failure_start":{"id":"1684858323632_failure_start","decisionId":"1684858323632","parent":"1684858323632","position":{},"type":"decisionFailureStart","painted":false,"addedToConfig":false},"1684858323632_success_end":{"id":"1684858323632_success_end","decisionId":"1684858323632","parent":"1684858323640","position":{},"type":"decisionSucessEnd","painted":false,"addedToConfig":false},"1684858323632_failure_end":{"id":"1684858323632_failure_end","decisionId":"1684858323632","parent":"1684858323632_failure_start","position":{},"type":"decisionFailureEnd","painted":false,"addedToConfig":false},"1684858323640":{"id":"1684858323640","type":"dataTransfer","position":{},"source":"mddui_page_input_data","sourceType":"page","sourceVariable":"rr_page_data","targetType":"page","target":"1684858305209","targetVariable":null,"resultVariable":null,"mapping":[{"name":"toggleInput","valueType":"variable","value":"toggleInput","fieldType":"Boolean","list":false,"rr_dynamic_field_name_type":"","fromModel":"Menu_Items","source":"1684858319144"}],"label":"","taskName":"Update Model in Memory","parent":"1684858323632_success_start","painted":false,"taskNotes":"<p><br></p>","condition":"Menu_Items","addedToConfig":false},"1684858345297":{"id":"1684858345297","type":"query","position":{},"source":null,"target":null,"mapping":[{"name":"parentMenuItemId","valueType":"variable","value":"_id","fieldType":"String","list":false,"fromModel":"Menu_Items","comparator":"equals","source":"1684858305209"},{"name":"requiresPermission","valueType":"constant","value":"true","fieldType":"Boolean","list":false,"fromModel":"","comparator":"equals"},{"name":"enabled","valueType":"constant","value":"true","fieldType":"Boolean","list":false,"fromModel":"","comparator":"equals"}],"label":"","filterBy":"criteria","searchOption":"many","operator":"and","taskName":"T5 Items","parent":"1684858323632_end","painted":false,"taskNotes":"<p><br></p>","ignoreSecurity":true,"queryType":"dynamic","relationshipMapping":[],"selectFields":[{"fieldName":"name"},{"fieldName":"parentMenuItemId"},{"fieldName":"seq"},{"fieldName":"_id"}],"sortFields":[{"fieldName":"seq","sortOrder":1}],"modelName":"Menu_Items","addedToConfig":false,"useOwnerTenant":true},"1684858356953_end":{"id":"1684858356953_end","decisionId":"1684858356953","position":{},"type":"decisionEnd","painted":false,"taskNotes":"<p><br></p>","addedToConfig":false},"1684858356953_success_start":{"id":"1684858356953_success_start","decisionId":"1684858356953","parent":"1684858356953","position":{},"type":"decisionSucessStart","painted":false,"addedToConfig":false},"1684858356953_failure_start":{"id":"1684858356953_failure_start","decisionId":"1684858356953","parent":"1684858356953","position":{},"type":"decisionFailureStart","painted":false,"addedToConfig":false},"1684858356953_success_end":{"id":"1684858356953_success_end","decisionId":"1684858356953","parent":"1684858371345iterationEnd","position":{},"type":"decisionSucessEnd","painted":false,"addedToConfig":false},"1684858356953_failure_end":{"id":"1684858356953_failure_end","decisionId":"1684858356953","parent":"1684861291185","position":{},"type":"decisionFailureEnd","painted":false,"addedToConfig":false,"taskNotes":"<p><br></p>"},"1684858356953":{"id":"1684858356953","type":"decision","newMapping":true,"position":{},"condition":null,"serviceName":null,"serviceType":null,"operator":"and","mapping":[{"sourceType":"notNull","sourceValue":null,"source":"1684858345297","sourceFieldType":null,"sourceModel":"Menu_Items","isSourceList":null,"targetType":"variable","targetValue":null,"target":null,"targetFieldType":null,"targetModel":"","isTargetList":null,"comparator":null}],"label":"","parent":"1684858345297","painted":false,"taskNotes":"<p><br></p>","addedToConfig":false},"1684858371345iterationEnd":{"id":"1684858371345iterationEnd","iteratorId":"1684858371345","parent":"1684858559696","position":{},"type":"iterationEnd","painted":false,"addedToConfig":false},"1684858371345":{"id":"1684858371345","type":"iterator","iterationType":"for","position":{},"mapping":[],"label":"","taskName":"Current T5","parent":"1684865270070","painted":false,"counterType":"dynamic","operator":"and","taskNotes":"<p><br></p>","inputTask":"1684858345297","inputValue":null,"inputDataModel":"Menu_Items","addedToConfig":false},"1684858386882":{"id":"1684858386882","type":"filter","position":{},"source":null,"target":null,"mapping":[{"name":"_id","valueType":"variable","value":"_id","fieldType":"String","list":false,"fromModel":"Menu_Items","comparator":"equals","source":"1684858371345"}],"label":"","searchOption":"one","operator":"and","taskName":"Matching T5","filterBy":"criteria","indexType":"constant","index":0,"parent":"1689024048889","painted":false,"taskNotes":"<p><br></p>","inputTask":"1674070974125","inputValue":"items","modelName":"Menu_Items","addedToConfig":false},"1684858392193":{"id":"1684858392193","type":"decision","newMapping":true,"position":{},"condition":null,"serviceName":null,"serviceType":null,"operator":"and","mapping":[{"sourceType":"notNull","sourceValue":null,"source":"1684858386882","sourceFieldType":null,"sourceModel":"Menu_Items","isSourceList":null,"targetType":"variable","targetValue":null,"target":null,"targetFieldType":null,"targetModel":"","isTargetList":null,"comparator":null}],"label":"","parent":"1684858386882","painted":false,"taskNotes":"<p><br></p>","addedToConfig":false},"1684858392193_end":{"id":"1684858392193_end","decisionId":"1684858392193","position":{},"type":"decisionEnd","painted":false,"taskNotes":"<p><br></p>","addedToConfig":false},"1684858392193_success_start":{"id":"1684858392193_success_start","decisionId":"1684858392193","parent":"1684858392193","position":{},"type":"decisionSucessStart","painted":false,"addedToConfig":false},"1684858392193_failure_start":{"id":"1684858392193_failure_start","decisionId":"1684858392193","parent":"1684858392193","position":{},"type":"decisionFailureStart","painted":false,"addedToConfig":false},"1684858392193_success_end":{"id":"1684858392193_success_end","decisionId":"1684858392193","parent":"1684858392204","position":{},"type":"decisionSucessEnd","painted":false,"addedToConfig":false},"1684858392193_failure_end":{"id":"1684858392193_failure_end","decisionId":"1684858392193","parent":"1684858392193_failure_start","position":{},"type":"decisionFailureEnd","painted":false,"addedToConfig":false},"1684858392204":{"id":"1684858392204","type":"dataTransfer","position":{},"source":"mddui_page_input_data","sourceType":"page","sourceVariable":"rr_page_data","targetType":"page","target":"1684858371345","targetVariable":null,"resultVariable":null,"mapping":[{"name":"toggleInput","valueType":"variable","value":"toggleInput","fieldType":"Boolean","list":false,"rr_dynamic_field_name_type":"","fromModel":"Menu_Items","source":"1684858386882"}],"label":"","taskName":"Update Model in Memory","parent":"1684858392193_success_start","painted":false,"taskNotes":"<p><br></p>","condition":"Menu_Items","addedToConfig":false},"1684858559696":{"id":"1684858559696","type":"service","value":"Utility Function","serviceType":"internal","position":{},"label":"","callType":"async","taskName":"Add T5 to T4","parent":"1684858392193_end","painted":false,"desc":"Utility Function","taskNotes":"<p><br></p>","utilityFunctionId":"addToList","addAtIndexType":"constant","addAtIndex":false,"inputTask":"1684858371345","inputValue":null,"targetTask":"1684858305209","targetValue":"tempList","addedToConfig":false},"1684858587672":{"id":"1684858587672","type":"service","value":"Utility Function","serviceType":"internal","position":{},"label":"","callType":"async","taskName":"Add T4 to T3","parent":"1684858356953_end","painted":false,"desc":"Utility Function","taskNotes":"<p><br></p>","utilityFunctionId":"addToList","addAtIndexType":"constant","addAtIndex":false,"inputTask":"1684858305209","inputValue":null,"targetTask":"1684858235529","targetValue":"tempList","addedToConfig":false},"1684858607864":{"id":"1684858607864","type":"service","value":"Utility Function","serviceType":"internal","position":{},"label":"","callType":"async","taskName":"Add T3 to T2","parent":"1684858291841_end","painted":false,"desc":"Utility Function","taskNotes":"<p><br></p>","utilityFunctionId":"addToList","addAtIndexType":"constant","addAtIndex":false,"inputTask":"1684858235529","inputValue":null,"targetTask":"1684858153573","targetValue":"tempList","addedToConfig":false},"1684858623368":{"id":"1684858623368","type":"service","value":"Utility Function","serviceType":"internal","position":{},"label":"","callType":"async","taskName":"Add T2 to T1","parent":"1684858226199_end","painted":false,"desc":"Utility Function","taskNotes":"<p><br></p>","utilityFunctionId":"addToList","addAtIndexType":"constant","addAtIndex":false,"inputTask":"1684858153573","inputValue":null,"targetTask":"1684858003666","targetValue":"tempList","addedToConfig":false},"1684858642008":{"id":"1684858642008","type":"service","value":"Utility Function","serviceType":"internal","position":{},"label":"","callType":"async","taskName":"Add T1 to Preset","parent":"1684858139827_end","painted":false,"desc":"Utility Function","taskNotes":"<p><br></p>","utilityFunctionId":"addToList","addAtIndexType":"constant","addAtIndex":false,"inputTask":"1684858003666","inputValue":null,"targetTask":"1674070974125","targetValue":"tempDisplayItems","addedToConfig":false},"1684861291185":{"id":"1684861291185","type":"dataTransfer","position":{},"source":"mddui_page_input_data","sourceType":"page","sourceVariable":"rr_page_data","targetType":"page","target":"1684858305209","targetVariable":null,"resultVariable":null,"mapping":[{"name":"tempHasChildren","valueType":"constant","value":"FALSE","fieldType":"String","list":false,"rr_dynamic_field_name_type":"","fromModel":""}],"label":"","taskName":"Update Model in Memory","parent":"1684858356953_failure_start","painted":false,"taskNotes":"<p><br></p>","condition":"Menu_Items","addedToConfig":false},"1684861309201":{"id":"1684861309201","type":"dataTransfer","position":{},"source":"mddui_page_input_data","sourceType":"page","sourceVariable":"rr_page_data","targetType":"page","target":"1684858235529","targetVariable":null,"resultVariable":null,"mapping":[{"name":"tempHasChildren","valueType":"constant","value":"FALSE","fieldType":"String","list":false,"rr_dynamic_field_name_type":"","fromModel":""}],"label":"","taskName":"Update Model in Memory","parent":"1684858291841_failure_start","painted":false,"taskNotes":"<p><br></p>","condition":"Menu_Items","addedToConfig":false},"1684861319328":{"id":"1684861319328","type":"dataTransfer","position":{},"source":"mddui_page_input_data","sourceType":"page","sourceVariable":"rr_page_data","targetType":"page","target":"1684858153573","targetVariable":null,"resultVariable":null,"mapping":[{"name":"tempHasChildren","valueType":"constant","value":"FALSE","fieldType":"String","list":false,"rr_dynamic_field_name_type":"","fromModel":""}],"label":"","taskName":"Update Model in Memory","parent":"1684858226199_failure_start","painted":false,"taskNotes":"<p><br></p>","condition":"Menu_Items","addedToConfig":false},"1684861327953":{"id":"1684861327953","type":"dataTransfer","position":{},"source":"mddui_page_input_data","sourceType":"page","sourceVariable":"rr_page_data","targetType":"page","target":"1684858003666","targetVariable":null,"resultVariable":null,"mapping":[{"name":"tempHasChildren","valueType":"constant","value":"FALSE","fieldType":"String","list":false,"rr_dynamic_field_name_type":"","fromModel":""}],"label":"","taskName":"Update Model in Memory","parent":"1684858139827_failure_start","painted":false,"taskNotes":"<p><br></p>","condition":"Menu_Items","addedToConfig":false},"1684865230845":{"id":"1684865230845","type":"dataTransfer","position":{},"source":"mddui_page_input_data","sourceType":"page","sourceVariable":"rr_page_data","targetType":"page","target":"1684858003666","targetVariable":null,"resultVariable":null,"mapping":[{"name":"tempHasChildren","valueType":"constant","value":"TRUE","fieldType":"String","list":false,"rr_dynamic_field_name_type":"","fromModel":""}],"label":"","taskName":"Update Model in Memory","parent":"1684858139827_success_start","painted":false,"taskNotes":"<p><br></p>","condition":"Menu_Items","addedToConfig":false},"1684865250998":{"id":"1684865250998","type":"dataTransfer","position":{},"source":"mddui_page_input_data","sourceType":"page","sourceVariable":"rr_page_data","targetType":"page","target":"1684858153573","targetVariable":null,"resultVariable":null,"mapping":[{"name":"tempHasChildren","valueType":"constant","value":"TRUE","fieldType":"String","list":false,"rr_dynamic_field_name_type":"","fromModel":""}],"label":"","taskName":"Update Model in Memory","parent":"1684858226199_success_start","painted":false,"taskNotes":"<p><br></p>","condition":"Menu_Items","addedToConfig":false},"1684865259125":{"id":"1684865259125","type":"dataTransfer","position":{},"source":"mddui_page_input_data","sourceType":"page","sourceVariable":"rr_page_data","targetType":"page","target":"1684858235529","targetVariable":null,"resultVariable":null,"mapping":[{"name":"tempHasChildren","valueType":"constant","value":"TRUE","fieldType":"String","list":false,"rr_dynamic_field_name_type":"","fromModel":""}],"label":"","taskName":"Update Model in Memory","parent":"1684858291841_success_start","painted":false,"taskNotes":"<p><br></p>","condition":"Menu_Items","addedToConfig":false},"1684865270070":{"id":"1684865270070","type":"dataTransfer","position":{},"source":"mddui_page_input_data","sourceType":"page","sourceVariable":"rr_page_data","targetType":"page","target":"1684858305209","targetVariable":null,"resultVariable":null,"mapping":[{"name":"tempHasChildren","valueType":"constant","value":"TRUE","fieldType":"String","list":false,"rr_dynamic_field_name_type":"","fromModel":""}],"label":"","taskName":"Update Model in Memory","parent":"1684858356953_success_start","painted":false,"taskNotes":"<p><br></p>","condition":"Menu_Items","addedToConfig":false},"1685042830449":{"id":"1685042830449","type":"query","position":{},"source":null,"target":null,"mapping":[{"name":"rolePresetId","valueType":"variable","value":"_id","fieldType":"String","list":false,"fromModel":"Branch_RolePresets","comparator":"equals","source":"1674070974125"}],"label":"","filterBy":"criteria","searchOption":"many","operator":"and","taskName":"SysRoleUsers","parent":"1652214182971_success_start","painted":false,"taskNotes":"<p><br></p>","ignoreSecurity":true,"queryType":"dynamic","relationshipMapping":[],"selectFields":[{"fieldName":"_id"}],"sortFields":[],"modelName":"SysRoleUser","addedToConfig":false,"useOwnerTenant":false},"1685042848064":{"id":"1685042848064","type":"service","value":"Utility Function","serviceType":"internal","position":{},"label":"","callType":"async","taskName":"List Size","parent":"1685042830449","painted":false,"desc":"Utility Function","taskNotes":"<p><br></p>","utilityFunctionId":"listSize","addAtIndexType":"constant","addAtIndex":false,"modelName":"","inputTask":"1685042830449","inputValue":null,"addedToConfig":false},"1685042860164":{"id":"1685042860164","type":"decision","newMapping":true,"position":{},"condition":null,"serviceName":null,"serviceType":null,"operator":"and","mapping":[{"sourceType":"variable","sourceValue":null,"source":"1685042848064","sourceFieldType":null,"isSourceList":null,"targetType":"constant","targetValue":"0","target":null,"targetFieldType":null,"targetModel":"","isTargetList":null,"comparator":"greaterThan"}],"label":"","parent":"1685042848064","painted":false,"taskNotes":"<p><br></p>","addedToConfig":false},"1685042860164_end":{"id":"1685042860164_end","decisionId":"1685042860164","position":{},"type":"decisionEnd","painted":false,"addedToConfig":false},"1685042860164_success_start":{"id":"1685042860164_success_start","decisionId":"1685042860164","parent":"1685042860164","position":{},"type":"decisionSucessStart","painted":false,"addedToConfig":false},"1685042860164_failure_start":{"id":"1685042860164_failure_start","decisionId":"1685042860164","parent":"1685042860164","position":{},"type":"decisionFailureStart","painted":false,"addedToConfig":false},"1685042860164_success_end":{"id":"1685042860164_success_end","decisionId":"1685042860164","parent":"1685042860166","position":{},"type":"decisionSucessEnd","painted":false,"addedToConfig":false},"1685042860164_failure_end":{"id":"1685042860164_failure_end","decisionId":"1685042860164","parent":"1685042883314","position":{},"type":"decisionFailureEnd","painted":false,"addedToConfig":false},"1685042860166":{"id":"1685042860166","type":"dataTransfer","position":{},"source":"mddui_page_input_data","sourceType":"page","sourceVariable":"rr_page_data","targetType":"page","target":"1674070974125","targetVariable":null,"resultVariable":null,"mapping":[{"name":"tempUserCount","valueType":"variable","value":null,"fieldType":"Number","list":false,"rr_dynamic_field_name_type":"","source":"1685042848064"}],"label":"","taskName":"Update Model in Memory","parent":"1685042860164_success_start","painted":false,"taskNotes":"<p><br></p>","condition":"Branch_RolePresets","addedToConfig":false},"1685042883314":{"id":"1685042883314","type":"dataTransfer","position":{},"source":"mddui_page_input_data","sourceType":"page","sourceVariable":"rr_page_data","targetType":"page","target":"1674070974125","targetVariable":null,"resultVariable":null,"mapping":[{"name":"tempUserCount","valueType":"constant","value":"0","fieldType":"Number","list":false,"rr_dynamic_field_name_type":"","source":"1685042848064"}],"label":"","taskName":"Update Model in Memory","parent":"1685042860164_failure_start","painted":false,"taskNotes":"<p><br></p>","condition":"Branch_RolePresets","addedToConfig":false},"1689024048889":{"id":"1689024048889","type":"dataTransfer","position":{},"source":"mddui_page_input_data","sourceType":"page","sourceVariable":"rr_page_data","targetType":"page","target":"1684858371345","targetVariable":null,"resultVariable":null,"mapping":[{"name":"tempHasChildren","valueType":"constant","value":"FALSE","fieldType":"String","list":false,"rr_dynamic_field_name_type":"","fromModel":""}],"label":"","taskName":"Update Model in Memory","parent":"1684858371345","painted":false,"taskNotes":"<p><br></p>","condition":"Menu_Items","addedToConfig":false},"1719600295036":{"id":"1719600295036","type":"expression","position":{"top":343,"left":616},"expression":[{"type":"data","source":"constant","value":"No Menu_Items found"}],"targetVariable":null,"label":"","taskName":"Expression","parent":"1684857987723_failure_start","painted":false,"taskNotes":"<p><br></p>","expressionType":"string","addedToConfig":false},"1719600318171":{"id":"1719600318171","type":"service","value":"Utility Function","serviceType":"internal","position":{"top":451,"left":610},"label":"","callType":"async","taskName":"Local Service","parent":"1719600295036","painted":false,"desc":"Utility Function","taskNotes":"<p><br></p>","utilityFunctionId":"addToList","addAtIndexType":"constant","addAtIndex":false,"inputTask":"1719600295036","inputValue":null,"targetTask":"1652208861906","targetValue":"reasons","addedToConfig":false}},"decisionsMap":{"1652213975601":{"success":"1652213975601_success_start","failure":"1652213975601_failure_start","successEnd":"1652213975601_success_end","failureEnd":"1652213975601_failure_end","end":"1652213975601_end","root":true},"1652214063177":{"success":"1652214063177_success_start","failure":"1652214063177_failure_start","successEnd":"1652214063177_success_end","failureEnd":"1652214063177_failure_end","end":"1652214063177_end","root":false},"1652214182971":{"root":false,"success":"1652214182971_success_start","failure":"1652214182971_failure_start","successEnd":"1652214182971_success_end","failureEnd":"1652214182971_failure_end","end":"1652214182971_end"},"1684854462399":{"root":false,"success":"1684854462399_success_start","failure":"1684854462399_failure_start","successEnd":"1684854462399_success_end","failureEnd":"1684854462399_failure_end","end":"1684854462399_end"},"1684857987723":{"success":"1684857987723_success_start","failure":"1684857987723_failure_start","successEnd":"1684857987723_success_end","failureEnd":"1684857987723_failure_end","end":"1684857987723_end","root":false},"1684858072321":{"success":"1684858072321_success_start","failure":"1684858072321_failure_start","successEnd":"1684858072321_success_end","failureEnd":"1684858072321_failure_end","end":"1684858072321_end","root":false},"1684858139827":{"success":"1684858139827_success_start","failure":"1684858139827_failure_start","successEnd":"1684858139827_success_end","failureEnd":"1684858139827_failure_end","end":"1684858139827_end","root":false},"1684858171268":{"root":false,"success":"1684858171268_success_start","failure":"1684858171268_failure_start","successEnd":"1684858171268_success_end","failureEnd":"1684858171268_failure_end","end":"1684858171268_end"},"1684858226199":{"success":"1684858226199_success_start","failure":"1684858226199_failure_start","successEnd":"1684858226199_success_end","failureEnd":"1684858226199_failure_end","end":"1684858226199_end","root":false},"1684858254879":{"root":false,"success":"1684858254879_success_start","failure":"1684858254879_failure_start","successEnd":"1684858254879_success_end","failureEnd":"1684858254879_failure_end","end":"1684858254879_end"},"1684858291841":{"success":"1684858291841_success_start","failure":"1684858291841_failure_start","successEnd":"1684858291841_success_end","failureEnd":"1684858291841_failure_end","end":"1684858291841_end","root":false},"1684858323632":{"root":false,"success":"1684858323632_success_start","failure":"1684858323632_failure_start","successEnd":"1684858323632_success_end","failureEnd":"1684858323632_failure_end","end":"1684858323632_end"},"1684858356953":{"success":"1684858356953_success_start","failure":"1684858356953_failure_start","successEnd":"1684858356953_success_end","failureEnd":"1684858356953_failure_end","end":"1684858356953_end","root":false},"1684858392193":{"root":false,"success":"1684858392193_success_start","failure":"1684858392193_failure_start","successEnd":"1684858392193_success_end","failureEnd":"1684858392193_failure_end","end":"1684858392193_end"},"1685042860164":{"root":false,"success":"1685042860164_success_start","failure":"1685042860164_failure_start","successEnd":"1685042860164_success_end","failureEnd":"1685042860164_failure_end","end":"1685042860164_end"}},"active":false,"scheduler":false,"savedId":null,"workInProgress":false,"uiFLow":false,"startTaskId":"1651606352023","shouldSecure":true,"allowExecutionForAll":false,"testCase":false,"testSuite":false,"sequence":1,"internal":false,"triggeredFromBpm":false,"inputModel":"API_BranchRequest","outputModel":"API_MainResponse","appName":null}]